{
    "packages": [
        {
            "name": "masterminds/html5",
            "version": "2.8.1",
            "version_normalized": "2.8.1.0",
            "source": {
                "type": "git",
                "url": "https://github.com/Masterminds/html5-php.git",
                "reference": "f47dcf3c70c584de14f21143c55d9939631bc6cf"
            },
            "dist": {
                "type": "zip",
                "url": "https://api.github.com/repos/Masterminds/html5-php/zipball/f47dcf3c70c584de14f21143c55d9939631bc6cf",
                "reference": "f47dcf3c70c584de14f21143c55d9939631bc6cf",
                "shasum": ""
            },
            "require": {
                "ext-dom": "*",
                "php": ">=5.3.0"
            },
            "require-dev": {
                "phpunit/phpunit": "^4.8.35 || ^5.7.21 || ^6 || ^7 || ^8"
            },
            "time": "2023-05-10T11:58:31+00:00",
            "type": "library",
            "extra": {
                "branch-alias": {
                    "dev-master": "2.7-dev"
                }
            },
            "installation-source": "dist",
            "autoload": {
                "psr-4": {
                    "Masterminds\\": "src"
                }
            },
            "notification-url": "https://packagist.org/downloads/",
            "license": [
                "MIT"
            ],
            "authors": [
                {
                    "name": "Matt Butcher",
                    "email": "technosophos@gmail.com"
                },
                {
                    "name": "Matt Farina",
                    "email": "matt@mattfarina.com"
                },
                {
                    "name": "Asmir Mustafic",
                    "email": "goetas@gmail.com"
                }
            ],
            "description": "An HTML5 parser and serializer.",
            "homepage": "http://masterminds.github.io/html5-php",
            "keywords": [
                "HTML5",
                "dom",
                "html",
                "parser",
                "querypath",
                "serializer",
                "xml"
            ],
            "support": {
                "issues": "https://github.com/Masterminds/html5-php/issues",
                "source": "https://github.com/Masterminds/html5-php/tree/2.8.1"
            },
            "install-path": "../masterminds/html5"
        }
    ],
    "dev": true,
    "dev-package-names": []
}
